{
  "timestamp": "20260601_092856",
  "agent": "GMM",
  "skill": "calvin_open_drawer",
  "env": "calvin",
  "num_eval_episodes": 20,
  "num_eval_seeds": 3,
  "n_components_gmm": 3,
  "chk_dir": null,
  "video_path": "Output_Inference/videos/eval_GMM_calvin_open_drawer_20260601_092122.mp4",
  "accuracy_per_seed": [
    0.15,
    0.25,
    0.3
  ],
  "accuracy_mean": 0.2333333333333333,
  "accuracy_var": 0.0038888888888888883,
  "return_per_seed": [
    1.5,
    2.5,
    3.0
  ],
  "return_mean": 2.3333333333333335,
  "length_per_seed": [
    61.9,
    62.4,
    62.05
  ],
  "length_mean": 62.11666666666667
}